org.joda.time.chrono.TestISOChronology;testAddMonths;testMaxYear;testCutoverAddYears;testMinYear
org.joda.time.chrono.TestGJChronology;testPartialGetAsText;testCutoverAddWeeks;testYearEndAddDays;testCutoverAddYears;testCutoverAddDays;testCutoverAddWeekyears;testCutoverAddMonths;testParseEquivalence
org.joda.time.TestDateTimeZoneCutover;testWithHourOfDayInDstChange;testWithMillisOfSecondInDstChange_Paris_winter;testPlusMillisInDstChange;testWithMillisOfSecondInDstChange_NewYork_winter;testPlusSecondsInDstChange;test_DateTime_parse_Turk;testPlusMinutesInDstChange;test_DateTime_parse_Gaza;testWithMillisOfSecondInDstChange_NewYork_summer;testPeriod;testWithMinuteOfHourInDstChange;testWithMillisOfSecondInDstChange_Paris_summer;testWithSecondOfMinuteInDstChange
org.joda.time.format.TestDateTimeFormat;testParse_textMonthJanLong_UK;testFormat_yearOfEraParse;testFormatParse_textMonthJanShortLowerCase_UK;testFormatParse_textMonthAtEnd_France_withSpecifiedDefault;testFormatParse_zoneId_colon_parseZ;testFormatParse_textEraAD_UK;testFormatParse_textHalfdayAM_France;testFormatParse_textMonthApr_France;testFormat_weekyearOfEra_twoDigit;testFormatParse_textEraAD_France;testFormat_year_twoDigit;testFormatParse_textMonthJanShort_UK;testFormat_yearOfEra_twoDigit;testFormatParse_textMonthJanLong_France;testFormatParse_textMonthJanLongLowerCase_UK;testFormatParse_textEraBC_France;testFormatParse_textHalfdayAM_UK;testParse_pivotYear;testFormatParse_zoneId_colon;testFormatParse_textMonthJanShortUpperCase_UK;testFormatParse_zoneId_noColon;testFormatParse_textMonthJanShort_France;testFormatParse_textMonthAtEnd_France;testFormat_shortBasicParse;testFormatParse_textMonthJanLongUpperCase_UK;testFormatParse_zoneId_noColon_parseZ;testFormatParse_textAdjoiningMonthDOW_UK;testFormatParse_textAdjoiningHelloWorld_UK;testParse_pivotYear_ignored4DigitYear;testFormatParse_textMonthApr_Korean
org.joda.time.TestIllegalFieldValueException;testGJCutover
org.joda.time.format.TestDateTimeFormatter;testParseLocalDate_year_month_week_2010;testParseLocalDate_year_month_week_2011;testParseLocalDate_yearOfEra;testParseDateTime_chrono;testParseLocalDate_simple;testParseMillis_fractionOfSecondLong;testParseLocalDateTime_monthDay_feb29;testParseLocalDate_monthDay_feb29;testParseDateTime_simple_precedence;testParseLocalDate_year_month_week_2016;testParseMutableDateTime_chrono;testParseLocalDate_year_month_week_2014;testParseLocalDateTime_simple;testParseMutableDateTime_simple_precedence;testParseLocalDate_year_month_week_2015;testParseLocalDate_year_month_week_2012;testParseLocalDateTime_monthDay_withDefaultYear_feb29;testParseLocalDate_year_month_week_2013;testParseLocalTime_simple;testParseDateTime_zone;testParseMutableDateTime_simple;testParseMutableDateTime_zone;testParseMutableDateTime_offsetParsed;testParseLocalDate_monthDay_withDefaultYear_feb29;testParseLocalDate_weekyear_month_week_2011;testParseLocalDate_yearOfCentury;testParseLocalDate_weekyear_month_week_2010;testParseDateTime_offsetParsed;testParseLocalDate_weekyear_month_week_2012;testPrinterParserMethods;testParseMutableDateTime_zone3;testParseDateTime_zone2;testParseMutableDateTime_zone2;testParseDateTime_simple;testParseDateTime_zone3
org.joda.time.TestLocalTime_Constructors;testConstructor_Object2_Chronology;testConstructor_ObjectString_DateTimeZoneTokyo;testConstructor_ObjectString_DateTimeZoneLondon;testConstructor_ObjectString1Tokyo;testConstructor_ObjectString1;testConstructor_ObjectString2;testConstructor_ObjectString_DateTimeZoneNewYork;testConstructor_ObjectString1NewYork;testParse_formatter;testParse_noFormatter;testConstructor_ObjectString3;testConstructor_ObjectString4
org.joda.time.format.TestDateTimeParserBucket;testSaveCompute;testParse
org.joda.time.TestLocalDate_Constructors;testConstructor_ObjectString1;testConstructor_ObjectString2;testParse_formatter;testParse_noFormatter;testConstructor_ObjectString3
org.joda.time.TestInterval_Basics;testToString_reparse
org.joda.time.convert.TestStringConverter;testGetInstantMillis_Object_Zone;testGetInstantMillis_Object_Chronology;testGetInstantMillis_Object;testSetIntoInterval_Object_Chronology8;testSetIntoInterval_Object_Chronology6;testSetIntoInterval_Object_Chronology7;testGetDateTime4;testSetIntoInterval_Object_Chronology4;testGetDateTime3;testGetDateTime;testSetIntoInterval_Object_Chronology5;testGetDateTime6;testSetIntoInterval_Object_Chronology2;testGetDateTime5;testSetIntoInterval_Object_Chronology3;testGetPartialValues;testSetIntoInterval_Object_Chronology1;testGetDateTime2;testGetDateTime1
org.joda.time.format.TestDateTimeFormatterBuilder;test_printParseZoneEtcGMT;test_localPrintParseOffsetAndZone;test_printParseZoneMET;test_printParseZoneGMT_suffix;test_printParseOffsetAndZone;test_printParseZoneEtcGMT10_suffix;test_printParseZoneEtcGMT10;test_printParseZoneDawson_suffix;test_printParseZoneDawson;test_printParseZoneBahiaBanderas;test_printParseShortNameWithAutoLookup;test_parseWrongOffsetAndZone;test_printParseZoneTokyo;test_printParseZoneGMT;test_appendFixedDecimal;test_printParseZoneDawsonCreek;test_localPrintParseOffset;test_localParseWrongOffsetAndZone;test_parseWrongOffset;test_printParseZoneEtcGMT1;test_printParseZoneDawsonCreek_suffix;test_appendFixedSignedDecimal;test_printParseLongNameWithLookup;test_printParseZoneMET_suffix;test_localPrintParseZoneTokyo;test_printParseOffset;test_printParseZoneEtcGMT1_suffix;test_printParseShortNameWithLookup;test_printParseZoneEtcGMT_suffix;test_printParseZoneParis
org.joda.time.TestMonthDay_Constructors;testConstructor_ObjectString1;testParse_formatter;testConstructor_ObjectString5;testParse_noFormatter
org.joda.time.TestInterval_Constructors;testParseWithOffset_offsetInString;testParse_offsetInString;testParse_noOffsetInString;testParseWithOffset_noOffsetInString;testConstructor_Object1
org.joda.time.TestLocalDateTime_Constructors;testConstructor_Object_ChronologyMoscow;testConstructor_Object_ChronologyMoscowBadDateTime;testConstructor_ObjectString1;testConstructor_Object_DateTimeZoneMoscow;testConstructor_ObjectString2;testConstructor_Object_DateTimeZoneMoscowBadDateTime;testParse_formatter;testParse_noFormatter;testConstructor_ObjectString3;testConstructor_ObjectString4
org.joda.time.TestDateTimeComparator;testSecond;testYear;testListYOYY;testListHour;testWOW;testListMinute;testListWOW;testListDate;testListDOM;testListMonth;testDOM;testMonth;testListYear;testMinute;testDOY;testDOW;testWOYY;testListBasic;testListDOW;testListDOY;testInvalidObj;testListTime;testHour;testNullDT;testListSecond
org.joda.time.format.TestISODateTimeFormatParsing;test_basicWeekDate;test_dateOptionalTimeParser;test_ordinalDate;test_basicDateTimeNoMillis;test_dateParser;test_localDateParser;test_basicTTimeNoMillis;test_basicWeekDateTime;test_dateTime;test_tTimeNoMillis;test_basicTimeNoMillis;test_tTime;test_basicOrdinalDateTimeNoMillis;test_ordinalDateTimeNoMillis;test_date;test_timeElementParser;test_basicDateTime;test_timeParser;test_basicOrdinalDateTime;test_basicTTime;test_hourMinute;test_basicDate;test_weekDateTimeNoMillis;test_localDateOptionalTimeParser;test_dateElementParser;test_dateTimeParser;test_ordinalDateTime;test_weekDateTime;test_hourMinuteSecondMillis;test_time;test_weekDate;test_hourMinuteSecondFraction;test_timeNoMillis;test_basicTime;test_hourMinuteSecond;test_localTimeParser;test_basicOrdinalDate;test_basicWeekDateTimeNoMillis;test_dateTimeNoMillis
org.joda.time.tz.TestBuilder;testForwardTransitions;testReverseTransitions;testSerialization
org.joda.time.TestDateTime_Constructors;testConstructor_ObjectString7;testConstructor_ObjectString1;testParse_noFormatter_vs_constructor_correctOffset;testConstructor_ObjectString2;testParse_formatter;testConstructor_ObjectString5;testParse_noFormatter;testConstructor_ObjectString6;testConstructor_ObjectString3;testParse_noFormatter_vs_constructor_noOffset;testConstructor_ObjectString4
org.joda.time.TestMinMaxLong;testPrintParseMax;testPrintParseMin
org.joda.time.TestYearMonthDay_Constructors;testConstructor_ObjectString1;testConstructor_ObjectString2;testConstructor_ObjectString5;testConstructor_ObjectString3;testConstructor_ObjectString4
org.joda.time.TestInstant_Constructors;testParse_formatter;testParse_noFormatter
org.joda.time.TestDateMidnight_Constructors;testParse_formatter;testParse_noFormatter
org.joda.time.tz.TestCompiler;testCompile
org.joda.time.TestStringConvert;testMonthDay;testYearMonth;testDateTime;testLocalTime;testDateMidnight;testLocalDate;testMonthDay_leapDay;testMutableDateTime;testLocalDateTime
org.joda.time.TestMutableDateTime_Constructors;testParse_formatter;testParse_noFormatter
org.joda.time.TestTimeOfDay_Constructors;testConstructor_ObjectString1;testConstructor2_Object_Chronology;testConstructor_ObjectString2;testConstructor_ObjectString5;testConstructor_ObjectString6;testConstructor_ObjectString3;testConstructor_ObjectString4
org.joda.time.format.TestDateTimeFormatStyle;testForStyle_shortTime;testForStyle_shortDateTime;testForStyle_shortDate
org.joda.time.TestMutableInterval_Constructors;testConstructor_Object1;testParse_noFormatter
org.joda.time.TestYearMonth_Constructors;testConstructor_ObjectString1;testParse_formatter;testConstructor_ObjectString5;testParse_noFormatter