org.apache.commons.lang3.ArchUtilsTest;testArch
org.apache.commons.lang3.BitFieldTest;testByte
org.apache.commons.lang3.ObjectUtilsTest;testCloneOfPrimitiveArray;testCloneOfStringArray
org.apache.commons.lang3.StringUtilsTest;testNormalizeSpace
org.apache.commons.lang3.builder.ReflectionDiffBuilderTest;test_primitive_difference;test_array_difference;test_no_differences;test_transient_field_difference;test_difference_in_inherited_field;test_no_differences_inheritance
org.apache.commons.lang3.builder.DiffBuilderTest;testObjectArray;testBoolean;testFloatArray;testIntArray;testSimilarObjectIgnoresAppends;testObjectArrayEqual;testObjectsNotSameButEqual;testByte;testDoubleArray;testInt;testBooleanArray;testDiffResult;testLongArray;testFloat;testLong;testShortArray;testShort;testObjectsNotSameNorEqual;testObjectsSameAndEqual;testChar;testObject;testCharArray;testDouble;testByteArray
org.apache.commons.lang3.builder.EqualsBuilderTest;testIntArrayHiddenByObject;testObjectArray;testFloatArrayHiddenByObject;testObjectRecursiveCycleSelfreference;testObjectRecursiveGenericString;testObjectBuild;testObjectRecursive;testToEqualsExclude;testMixedArray;testSuper;testMultiByteArray;testDoubleArrayHiddenByObject;testMultiCharArray;testObjectRecursiveCycle;testObject;testRaggedArray;testMultiDoubleArray;testCharArrayHiddenByObject;testReflectionHierarchyEquals;testReflectionAppend;testObjectRecursiveGenericInteger;testCyclicalObjectReferences;testMultiFloatArray;testReflectionArrays;testMultiBooleanArray;testReflectionEquals;testShortArrayHiddenByObject;testUnrelatedClasses;testLongArrayHiddenByObject;testReflectionEqualsExcludeFields;testMultiIntArray;testBooleanArrayHiddenByObject;testObjectArrayHiddenByObject;testMultiShortArray;testByteArrayHiddenByObject;testMultiLongArray
org.apache.commons.lang3.builder.HashCodeBuilderAndEqualsBuilderTest;testInteger;testFixture;testFixtureWithTransients;testIntegerWithTransients
org.apache.commons.lang3.ArrayUtilsTest;testIsEquals;testSubarrayBoolean;testSubarrayInt;testSubarrayLong;testSubarrayFloat;testSubarrayShort;testSubarrayByte;testSubarrChar;testSubarrayDouble
org.apache.commons.lang3.builder.CompareToBuilderTest;testReflectionHierarchyCompareTransients;testReflectionHierarchyCompare;testReflectionHierarchyCompareExcludeFields
org.apache.commons.lang3.concurrent.EventCountCircuitBreakerTest;testChangeEventsGeneratedByAutomaticTransitions;testNotClosingOverThreshold;testNotOpeningCheckIntervalExceeded;testNotOpeningUnderThreshold;testClosingWhenThresholdReached;testAutomaticOpenStartsNewCheckInterval;testOpenStartsNewCheckInterval;testClose;testOpeningWhenThresholdReached
org.apache.commons.lang3.time.FastDateFormat_ParserTest;testDayNumberOfWeek
org.apache.commons.lang3.time.FastDateParserTest;testDayNumberOfWeek
org.apache.commons.lang3.time.WeekYearTest;"{index}: {3}"
org.apache.commons.lang3.time.FastDatePrinterTest;testDayNumberOfWeek;testFormat
org.apache.commons.lang3.time.FastDateFormat_PrinterTest;testDayNumberOfWeek;testFormat
org.apache.commons.lang3.time.FastDatePrinterTimeZonesTest;testCalendarTimezoneRespected