org.joda.time.chrono.TestGJChronology;testSubtractDays;testLeap_29feb;testLeap_28feb;testCutoverAddMonths
org.joda.time.TestYearMonth_Properties;testPropertyAddMonth
org.joda.time.TestYearMonthDay_Properties;testPropertyAddMonth;testPropertyAddDay
org.joda.time.TestYearMonthDay_Basics;testToDateTime_RI;testToInterval_nullZone;testToDateTime_TOD;testToDateTime_nullRI;testToDateTimeAtMidnight;testToDateTimeAtCurrentTime_nullZone;testToInterval;testToDateTimeAtCurrentTime_Zone;testToDateTimeAtMidnight_nullZone;testToDateMidnight_nullZone;testToDateTimeAtCurrentTime;testToDateMidnight;testToDateTime_TOD_nullZone;testToDateTime_nullTOD
org.joda.time.TestMonthDay_Basics;testToDateTime_RI;testToDateTime_nullRI
org.joda.time.chrono.TestISOChronology;testAddMonths;testLeap_29feb;testLeap_28feb
org.joda.time.TestYearMonth_Basics;testToDateTime_RI;testToInterval_nullZone;testToDateTime_nullRI;testToInterval
org.joda.time.TestTimeOfDay_Basics;testToDateTimeToday_nullZone;testToDateTimeToday_Zone;testToDateTimeToday
org.joda.time.TestDateTime_Properties;testPropertyLeapYear;testPropertyToIntervalYear;testPropertyWithMinimumValueDayOfMonth;testPropertyAddWrapFieldDayOfWeek;testPropertySetTextDayOfYear;testPropertyGetYear;testPropertySetDayOfYear;testPropertyGetEra;testPropertySetWeekOfWeekyear;testPropertyRoundFloorHourOfDay;testPropertyGetMaxMinValuesDayOfMonth;testPropertyGetDayOfWeek;testPropertyAddDayOfYear;testPropertyCompareToYear2;testPropertyRoundHalfFloorHourOfDay;testPropertyGetMillisOfSecond;testPropertyEqualsHashCodeLenient;testPropertyLeapMonthOfYear;testPropertyGetYearOfEra;testPropertySetDayOfMonth;testPropertyToIntervalYearOfCentury;testPropertyGetMinuteOfHour;testPropertyToIntervalHourOfDay;testPropertyToIntervalMonthOfYear;testPropertyToIntervalDayOfMonth;testPropertySetTextWeekOfWeekyear;testPropertyAddWrapFieldDayOfMonth;testPropertyRemainderHourOfDay;testPropertyToIntervalMinuteOfHour;testPropertyGetMonthOfYear;testPropertyGetMinuteOfDay;testPropertySetTextDayOfMonth;testPropertyGetSecondOfDay;testPropertyGetYearOfCentury;testPropertyAddMonthOfYear;testPropertySetTextDayOfWeek;testPropertyEqualsHashCodeYear;testPropertyToIntervalMillisOfSecond;testPropertyAddLongDayOfWeek;testPropertyGetMaxMinValuesDayOfYear;testPropertyAddWeekOfWeekyear;testPropertySetTextYear;testPropertyAddDayOfWeek;testPropertySetYear;testPropertyAddWrapFieldYear;testPropertyAddWrapFieldDayOfYear;testPropertySetDayOfWeek;testPropertyGetMillisOfDay;testPropertyRoundCeilingHourOfDay;testPropertyGetSecondOfMinute;testPropertyAddYear;testPropertyWithMaximumValueDayOfMonth;testPropertySetMonthOfYear;testPropertyGetCenturyOfEra;testPropertyToIntervalYearOfEra;testPropertyRoundHalfCeilingHourOfDay;testPropertyGetWeekOfWeekyear;testPropertyGetDayOfYear;testPropertyRoundHalfEvenHourOfDay;testPropertyAddDayOfMonth;testPropertyAddWrapFieldWeekOfWeekyear;testPropertyAddWrapFieldMonthOfYear;testPropertyGetDayOfMonth;testPropertyGetMaxMinValuesWeekOfWeekyear;testPropertyGetDifferenceHourOfDay;testPropertyToIntervalSecondOfMinute;testPropertyGetWeekyear;testPropertyGetHourOfDay;testPropertyEqualsHashCodeStrict;testPropertySetTextMonthOfYear
org.joda.time.TestLocalDate_Properties;testPropertyEqualsHashCodeLenient;testPropertyAddToCopyMonth
org.joda.time.format.TestDateTimeFormat;testFormat_shortBasicParse
org.joda.time.TestDateTimeZoneCutover;testDateTimeCreation_athens;testWithHourOfDayInDstChange;testDateTimeCreation_london;testWithMillisOfSecondInDstChange_Paris_winter;testBug3192457_adjustOffset;testForum4013394_retainOffsetWhenRetainFields_sameOffsetsDifferentZones;testDateTimeCreation_paris;test_DateTime_JustAfterLastEverOverlap
org.joda.time.TestMutableDateTime_Properties;testPropertyToIntervalYear;testPropertyAddWrapFieldDayOfWeek;testPropertySetTextDayOfYear;testPropertyGetYear;testPropertySetDayOfYear;testPropertyGetEra;testPropertyRoundFloorHourOfDay;testPropertySetWeekOfWeekyear;testPropertyGetDayOfWeek;testPropertyAddDayOfYear;testPropertyRoundHalfFloorHourOfDay;testPropertyGetMillisOfSecond;testPropertySetDayOfMonth;testPropertyToIntervalYearOfCentury;testPropertyGetYearOfEra;testPropertyGetMinuteOfHour;testPropertyToIntervalHourOfDay;testPropertyToIntervalMonthOfYear;testPropertySetTextWeekOfWeekyear;testPropertyToIntervalDayOfMonth;testPropertyAddWrapFieldDayOfMonth;testPropertyRemainderHourOfDay;testPropertyToIntervalMinuteOfHour;testPropertyGetMonthOfYear;testPropertyGetMinuteOfDay;testPropertySetTextDayOfMonth;testPropertyGetSecondOfDay;testPropertyGetYearOfCentury;testPropertyAddMonthOfYear;testPropertySetTextDayOfWeek;testPropertyToIntervalMillisOfSecond;testPropertyAddLongDayOfWeek;testPropertyAddWeekOfWeekyear;testPropertySetTextYear;testPropertyAddDayOfWeek;testPropertySetYear;testPropertyAddWrapFieldYear;testPropertyAddWrapFieldDayOfYear;testPropertySetDayOfWeek;testPropertyGetMillisOfDay;testPropertyRoundCeilingHourOfDay;testPropertyGetSecondOfMinute;testPropertyAddYear;testPropertySetMonthOfYear;testPropertyGetCenturyOfEra;testPropertyToIntervalYearOfEra;testPropertyRoundHalfCeilingHourOfDay;testPropertyGetWeekOfWeekyear;testPropertyGetDayOfYear;testPropertyRoundHalfEvenHourOfDay;testPropertyAddDayOfMonth;testPropertyAddWrapFieldWeekOfWeekyear;testPropertyAddWrapFieldMonthOfYear;testPropertyToIntervalSecondOfMinute;testPropertyGetDayOfMonth;testPropertyGetWeekyear;testPropertyGetHourOfDay;testPropertySetTextMonthOfYear
org.joda.time.TestLocalDateTime_Properties;testPropertyAddToCopyMonth
org.joda.time.TestDateMidnight_Properties;testPropertyToIntervalYear;testPropertyWithMinimumValueDayOfMonth;testPropertyRemainderMonthOfYear;testPropertyGetYear;testPropertyGetEra;testPropertyGetDifferenceMonthOfYear;testPropertyGetDayOfWeek;testPropertyRoundFloorMonthOfYear;testPropertyEqualsHashCodeLenient;testPropertyRoundHalfFloorMonthOfYear;testPropertyRoundHalfEvenMonthOfYear;testPropertyGetYearOfEra;testPropertyToIntervalYearOfCentury;testPropertyWithMaximumValueDayOfMonth;testPropertyToIntervalMonthOfYear;testPropertySetMonthOfYear;testPropertyToIntervalDayOfMonth;testPropertyGetCenturyOfEra;testPropertyToIntervalYearOfEra;testPropertyGetWeekOfWeekyear;testPropertyGetDayOfYear;testPropertyAddLongMonthOfYear;testPropertyGetMonthOfYear;testPropertyAddWrapFieldMonthOfYear;testPropertyRoundHalfCeilingMonthOfYear;testPropertyGetDayOfMonth;testPropertyGetYearOfCentury;testPropertyRoundCeilingMonthOfYear;testPropertyGetWeekyear;testPropertySetTextLocaleMonthOfYear;testPropertyAddMonthOfYear;testPropertySetTextMonthOfYear;testPropertyEqualsHashCodeStrict
org.joda.time.TestLocalDateTime_Basics;testMinus_RP;testToDateTime;testToDateTime_Zone_dstOverlap;testPlus_RP;testToDateTime_nullZone;testToDateTime_nullRI;testToDateTime_Zone_dstGap;testPlusMonths_int;testMinusMonths_int
org.joda.time.TestLocalTime_Basics;testToDateTimeToday_nullZone;testToDateTimeToday_Zone;testMinus_RP;testPlus_RP;testToDateTimeTodayDefaultZone
org.joda.time.format.TestDateTimeFormatter;testParseInto_monthDay_feb29;testParseInto_simple_precedence;testParseInto_monthOnly;testParseInto_offsetParsed;testParseDateTime_chrono;testParseInto_monthDay_feb29_startOfYear;testParseInto_chrono;testParseInto_monthDay_withDefaultYear_feb29;testParseDateTime_simple_precedence;testParseMutableDateTime_chrono;testParseInto_monthDay_feb29_OfYear;testParseMutableDateTime_simple_precedence;testParseMutableDateTime_simple;testParseDateTime_zone;testParseMutableDateTime_zone;testParseMutableDateTime_offsetParsed;testParseInto_zone;testParseInto_zone3;testParseInto_zone2;testParseLocalDate_yearOfCentury;testParseDateTime_offsetParsed;testParseMutableDateTime_zone3;testParseDateTime_zone2;testParseDateTime_simple;testParseMutableDateTime_zone2;testParseDateTime_zone3;testParseInto_simple
org.joda.time.chrono.TestEthiopicChronology;testSampleDateWithZone;testSampleDate;testDurationMonth
org.joda.time.TestLocalDate_Basics;testToDateTime_RI;testToInterval_nullZone;testMinus_RP;testToDateTime_LocalTime;testToDateTime_LocalTime_nullZone;testToDateTime_nullRI;testPlusMonths_int;testToDateTimeAtMidnight;testToDateTimeAtCurrentTime_nullZone;testToDateTime_LocalTime_Zone_dstOverlap;testMinusMonths_int;testToInterval;testToDateTime_nullLocalTime;testToDateTimeAtCurrentTime_Zone;testToDateTimeAtStartOfDay;testToDateTimeAtMidnight_nullZone;testToDateTimeAtStartOfDay_nullZone;testToDateMidnight_nullZone;testToDateTimeAtCurrentTime;testPlus_RP;testEqualsHashCodeLenient;testToDateMidnight
org.joda.time.chrono.TestGregorianChronology;testMaximumValue;testLeap_29feb;testLeap_28feb
org.joda.time.chrono.TestIslamicChronology;testSampleDateWithZone;testSampleDate1
org.joda.time.TestDateTime_Basics;testWithZoneRetainFields_DateTimeZone;testMinus_RP;testWithDate_int_int_int_affectedByDST;testPlusMonths_intMin;testPlusMonths_int;testWithTime_int_int_int_int_toDST;testMinusMonths_int;testWithField1;testMinusMonths_intMax;testWithDurationAdded_RP_int;testWithers;testWithField2;testPlusMonths_intMax;testPlus_RP;testToDateMidnight;testWithFieldAdded4;testWithFieldAdded2;testWithFields_RPartial;testWithFieldAdded3;testMinusMonths_intMin;testWithDate_int_int_int_toDST2;testWithFieldAdded1;testWithDate_int_int_int_toDST1
org.joda.time.TestMutableDateTime_Basics;testRounding8;testRounding7;testRounding6;testRounding5;testRounding4;testRounding3;testRounding2;testRounding1
org.joda.time.TestDateMidnight_Basics;testIsBefore;testMinus_RP;testIsAfter;testPlusMonths_int;testMinusMonths_int;testToInterval;testWithDurationAdded_long_int;testWithField1;testWithDurationAdded_RP_int;testWithField2;testPlus_RP;testWithFieldAdded4;testWithFieldAdded2;testWithFields_RPartial;testWithFieldAdded3;testWithFieldAdded1;testIsEqual
org.joda.time.chrono.TestCopticChronology;testSampleDateWithZone;testSampleDate;testDurationMonth
org.joda.time.chrono.TestJulianChronology;testLeap_29feb;testLeap_28feb
org.joda.time.TestPeriod_Constructors;testConstructor_RI_RD_PeriodType1;testConstructor_RD_RI2;testConstructor_trickyDifferences_RI_RI_toFeb_endOfMonth2;testConstructor_RI_RD_PeriodType2;testConstructor_RD_RI1;testConstructor_trickyDifferences_RI_RI_toFeb_endOfMonth1;testConstructor_RI_RI_PeriodType4;testConstructor_RI_RI_PeriodType3;testConstructor_RP_RP_PeriodType1;testConstructor_RI_RI_PeriodType2;testConstructor_RD_RI_PeriodType1;testConstructor_RD_RI_PeriodType2;testConstructor_trickyDifferences_RI_RI_toFeb_endOfMonth3;testConstructor_long_long_Chronology1;testConstructor_long_long_Chronology2;testConstructor_trickyDifferences_LD_LD_toMar_endOfMonth1;testConstructor_trickyDifferences_LD_LD_toMar_endOfMonth2;testConstructor_trickyDifferences_RI_RI_toFeb_leapYear;testConstructor_long_long_PeriodType_Chronology1;testConstructor_long_long_PeriodType_Chronology2;testConstructor_long_long_PeriodType3;testConstructor_RI_RI_PeriodType1;testConstructor_long_long_PeriodType2;testConstructor_long_long1;testConstructor_long_long2;testConstructor_RP_RP_PeriodType2Local;testConstructor_RI_RI6;testConstructor_RI_RI7;testConstructor_RI_RI4;testConstructor_RI_RI2;testConstructor_RI_RI3;testConstructor_trickyDifferences_LD_LD_toFeb_endOfMonth1;testConstructor_long_long_PeriodType1;testConstructor_RI_RI1;testConstructor_trickyDifferences_LD_LD_toFeb_endOfMonth2;testConstructor_trickyDifferences_LD_LD_toFeb_endOfMonth3;testConstructor_trickyDifferences_LD_LD_toFeb_leapYear;testConstructor_RP_RP1;testConstructor_RP_RP2;testConstructor_trickyDifferences_RI_RI_toMar_endOfMonth2;testConstructor_trickyDifferences_LD_LD_toFeb_standardYear;testConstructor_trickyDifferences_RI_RI_toMar_endOfMonth1;testConstructor_RI_RD1;testConstructor_RI_RD2;testToPeriod_PeriodType3;testConstructor_trickyDifferences_RI_RI_toFeb_exactMonths;testConstructor_trickyDifferences_LD_LD_toFeb_exactMonths;testConstructor_RP_RP2Local;testConstructor_RP_RP_PeriodType2;testConstructor_trickyDifferences_RI_RI_toFeb_standardYear
org.joda.time.TestMutablePeriod_Updates;testSetPeriod_long_long3;testSetPeriod_long_long_NoYears;testSetPeriod_long_long1;testSetPeriod_RInterval1;testAdd_RInterval2;testSetPeriod_long_long2;testAdd_RInterval4;testSetPeriod_long_long_NoSeconds;testSetPeriod_long_long_NoMillis;testSetPeriod_long_long_NoMinutes;testSetPeriod_RI_RI2;testSetPeriod_long_long_NoMonths;testSetPeriod_RI_RI1;testSetPeriod_long_long_NoDays;testSetPeriod_RI_RI3;testSetPeriod_long_long_NoWeeks;testSetPeriod_long_long_NoHours
org.joda.time.chrono.TestLenientChronology;test_lenientChrononolgy_Turk;test_setMonthOfYear;test_lenientChrononolgy_Chicago;testNearDstTransition
org.joda.time.TestInterval_Constructors;testConstructor_RD_RI4;testConstructor_RI_RI6;testConstructor_RI_RI7;testParse_offsetInString;testConstructor_RI_RI4;testConstructor_RD_RI1;testConstructor_RI_RI5;testConstructor_RI_RI2;testConstructor_RI_RI_chronoEnd;testConstructor_RI_RI1;testConstructor_Object5;testConstructor_Object3;testConstructor_Object2;testConstructor_Object1;testConstructor_long_long_Chronology;testParse_noOffsetInString;testConstructor_RI_RI_chronoStart;testConstructor_Object_Chronology1;testConstructor_Object_Chronology2;testConstructor_RI_RD1;testConstructor_RP_RI1;testConstructor_RP_RI2;testConstructor_RP_RI3;testConstructor_long_long_minMax;testConstructor_RI_RP7;testConstructor_RP_RI7;testConstructor_long_long_nullZone;testConstructor_RI_RP3;testConstructor_long_long_Zone;testConstructor_RI_RP1;testConstructor_RI_RI_zones;testConstructor_RI_RP2;testParseWithOffset_noOffsetInString;testConstructor_long_long_nullChronology;testConstructor_long_long1;testConstructor_long_long3;testConstructor_long_long2;testConstructor_RI_RD4
org.joda.time.TestMutableInterval_Constructors;testConstructor_RD_RI4;testConstructor_RI_RI6;testConstructor_RI_RI7;testConstructor_RI_RI4;testConstructor_RD_RI1;testConstructor_RI_RI5;testConstructor_RI_RI2;testConstructor_RI_RI1;testConstructor_Object5;testConstructor_Object3;testConstructor_Object2;testConstructor_Object1;testConstructor_long_long_Chronology1;testConstructor_long_long_Chronology2;testConstructor_Object_Chronology1;testConstructor_RI_RI8;testConstructor_RI_RI9;testConstructor_Object_Chronology2;testConstructor_RI_RD1;testConstructor_RP_RI1;testConstructor_RP_RI2;testConstructor_RP_RI3;testConstructor_RP_RI7;testConstructor_RI_RP7;testConstructor_RI_RP3;testConstructor_RI_RP1;testParse_noFormatter;testConstructor_RI_RP2;testConstructor_long_long1;testConstructor_long_long3;testConstructor_long_long2;testConstructor_RI_RD4
org.joda.time.TestLocalTime_Constructors;testConstructor_nullDateTimeZone;testConstructor_long_DateTimeZone_2;testConstructor_DateTimeZone
org.joda.time.convert.TestStringConverter;testGetInstantMillis_Object_Zone;testGetInstantMillis_Object_Chronology;testGetInstantMillis_Object;testGetDateTime4;testSetIntoInterval_Object_Chronology4;testGetDateTime;testSetIntoInterval_Object_Chronology5;testGetDateTime6;testSetIntoInterval_Object_Chronology2;testSetIntoInterval_Object_Chronology3;testGetPartialValues;testSetIntoInterval_Object_Chronology1;testGetDateTime2
org.joda.time.TestLocalDate_Constructors;testConstructor_nullDateTimeZone;testConstructor_long3_DateTimeZone;testConstructor_DateTimeZone;testConstructor_long4_DateTimeZone
org.joda.time.format.TestISODateTimeFormatParsing;test_basicWeekDate;test_dateOptionalTimeParser;test_ordinalDate;test_localDateOptionalTimeParser;test_localDateParser;test_dateParser;test_dateElementParser;test_dateTimeParser;test_weekDate;test_localTimeParser;test_basicOrdinalDate;test_timeElementParser;test_date;test_basicDate
org.joda.time.TestTimeOfDay_Constructors;testConstructor_nullDateTimeZone;testConstructor_DateTimeZone
org.joda.time.TestLocalDateTime_Constructors;testConstructor_DateTimeZone
org.joda.time.TestHours;testFactory_hoursIn_RInterval;testFactory_hoursBetween_RInstant
org.joda.time.format.TestDateTimeFormatterBuilder;test_printParseShortName;test_printParseZoneMET;test_printParseLongName;test_appendFixedSignedDecimal;test_appendFixedDecimal;test_printParseShortNameWithLookup;test_printParseZoneParis;test_printParseLongNameWithLookup;test_printParseZoneMET_suffix
org.joda.time.TestMutablePeriod_Constructors;testConstructor_RI_RD1;testConstructor_RI_RD2;testConstructor_RI_RD_PeriodType1;testConstructor_RI_RI4;testConstructor_RI_RD_PeriodType2;testConstructor_RI_RI2;testConstructor_RI_RI_PeriodType4;testConstructor_RI_RI3;testConstructor_RI_RI_PeriodType3;testConstructor_long_long_PeriodType1;testConstructor_RI_RI_PeriodType2;testConstructor_RI_RI1;testConstructor_long_long_Chronology1;testConstructor_long_long_Chronology2;testConstructor_long_long_PeriodType_Chronology1;testConstructor_long_long_PeriodType_Chronology2;testConstructor_RI_RI_PeriodType1;testConstructor_long_long_PeriodType3;testConstructor_long_long_PeriodType2;testConstructor_long_long1;testConstructor_long_long2
org.joda.time.TestInterval_Basics;testWithPeriodBeforeEnd1;testToString_reparse;testToPeriod;testToPeriod_PeriodType2;testToPeriod_PeriodType1;testWithPeriodAfterStart1
org.joda.time.TestDateTimeComparator;testNullDT;testBasicComps3
org.joda.time.TestDateTimeZone;testGetNameKey;testIsLocalDateTimeGap_Berlin;testCommentParse;testPatchedNameKeysLondon;testGetShortName_berlin;testGetOffset_RI;testPatchedNameKeysSydney;testPatchedNameKeysGazaHistoric;testGetShortName;testPatchedNameKeysSydneyHistoric;testGetOffset_long
org.joda.time.TestMutableInterval_Basics;testToPeriod;testToPeriod_PeriodType2;testToPeriod_PeriodType1
org.joda.time.TestDuration_Basics;testToPeriodTo;testToIntervalTo;testToIntervalFrom;testToPeriodTo_PeriodType;testToPeriodFrom;testToPeriodFrom_PeriodType
org.joda.time.TestDateTime_Constructors;testConstructor_int_int_int_int_int;testConstructor_int_int_int_int_int_int_int_nullDateTimeZone;testConstructor_int_int_int_int_int_int_int;testConstructor_int_int_int_int_int_nullDateTimeZone;testParse_formatter;testConstructor_int_int_int_int_int_int;testConstructor_int_int_int_int_int_Chronology;testParse_noFormatter;testConstructor_int_int_int_int_int_int_int_Chronology;testConstructor_int_int_int_int_int_int_nullDateTimeZone;testConstructor_int_int_int_int_int_int_int_nullChronology;testConstructor_int_int_int_int_int_int_DateTimeZone;testConstructor_int_int_int_int_int_nullChronology;testConstructor_int_int_int_int_int_int_int_DateTimeZone;testConstructor_ObjectString2;testConstructor_int_int_int_int_int_int_Chronology;testConstructor_int_int_int_int_int_int_nullChronology;testConstructor_int_int_int_int_int_DateTimeZone;testParse_noFormatter_vs_constructor_noOffset
org.joda.time.TestMutableDateTime_Constructors;testConstructor_int_int_int_int_int_int_int_nullChronology;testConstructor_int_int_int_int_int_int_int_DateTimeZone;testConstructor_int_int_int_int_int_int_int_nullDateTimeZone;testConstructor_int_int_int_int_int_int_int;testParse_formatter;testParse_noFormatter;testConstructor_int_int_int_int_int_int_int_Chronology
org.joda.time.tz.TestBuilder;testForwardTransitions;testReverseTransitions;testID;testSerialization
org.joda.time.TestMinutes;testFactory_minutesBetween_RInstant;testFactory_minutesIn_RInterval
org.joda.time.TestMonthDay_Constructors;testConstructor_nullDateTimeZone;testConstructor_DateTimeZone
org.joda.time.TestWeeks;testFactory_weeksIn_RInterval;testFactory_weeksBetween_RInstant
org.joda.time.format.TestDateTimeFormatStyle;testForStyle_shortMediumDateTime;testForStyle_shortDateTime;testForStyle_fullTime;testForStyle_mediumTime;testForStyle_longTime;testForStyle_shortDate;testForStyle_fullDateTime;testForStyle_shortFullDateTime;testForStyle_mediumLongDateTime;testForStyle_longDate;testForStyle_shortTime;testForStyle_longDateTime;testForStyle_mediumDate;testForStyle_shortLongDateTime;testForStyle_mediumFullDateTime;testForStyle_mediumShortDateTime;testForStyle_fullDate;testForStyle_mediumDateTime
org.joda.time.TestInstant_Constructors;testParse_formatter;testParse_noFormatter
org.joda.time.TestBaseSingleFieldPeriod;testFactory_between_RInstant;testFactory_between_RPartial
org.joda.time.TestMonths;testFactory_monthsBetween_RInstant_LocalDate_EndMonth;testAddToLocalDate;testFactory_monthsBetween_RPartial_YearMonth;testFactory_monthsBetween_RPartial_LocalDate;testFactory_monthsBetween_RPartial_MonthDay;testFactory_monthsBetween_RInstant;testFactory_monthsIn_RInterval
org.joda.time.TestSeconds;testFactory_secondsIn_RInterval;testFactory_secondsBetween_RInstant
org.joda.time.tz.TestCompiler;testCompile;testDateTimeZoneBuilder;test_2400_last
org.joda.time.TestDateMidnight_Constructors;testConstructor_long2_DateTimeZone;testConstructor_int_int_int_DateTimeZone;testConstructor_int_int_int_nullChronology;testParse_formatter;testConstructor_int_int_int_Chronology;testParse_noFormatter;testConstructor_int_int_int_nullDateTimeZone;testConstructor_int_int_int
org.joda.time.TestPartial_Match;testIsMatch_Instant
org.joda.time.TestYearMonthDay_Constructors;testConstructor_nullDateTimeZone;testConstructor_DateTimeZone
org.joda.time.TestMutableDateTime_Sets;testSetHourOfDay_int1;testSetYear_int1;testSetHourOfDay_int2;testSetSecondOfDay_int1;testSetDayOfYear_int_dstOverlapSummer_addZero;testSetSecondOfDay_int2;testSetDayOfMonth_int1;testSetDayOfMonth_int2;testSetTime_RI1;testSetTime_RI2;testSetMinuteOfDay_int2;testSetMinuteOfDay_int1;testSetDayOfMonth_int_dstOverlapSummer_addZero;testSetWeekOfWeekyear_int2;testSetWeekOfWeekyear_int1;testSetMinuteOfHour_int2;testSetSecondOfMinute_int1;testSetSecondOfMinute_int2;testSetMinuteOfHour_int1;testSetMonthOfYear_int_dstOverlapSummer_addZero;testSetDate_long1;testSetDayOfYear_int2;testSetMilliOfDay_int2;testSetDayOfYear_int1;testSetMilliOfDay_int1;testSetMilliOfSecond_int2;testSetDayOfYear_int_dstOverlapWinter_addZero;testSetMilliOfSecond_int1;testSetDayOfWeek_int2;testSetDayOfWeek_int1;testSetMonthOfYear_int_dstOverlapWinter_addZero;testSetMonthOfYear_int2;testSetTime_int_int_int_int1;testSetMonthOfYear_int1;testSetWeekyear_int1;testSetTime_Object3;testSetTime_long1;testSetDateTime_int_int_int_int_int_int_int1;testSetDate_RI2;testSetDate_int_int_int1;testSetDate_RI1;testSetDayOfMonth_int_dstOverlapWinter_addZero;testSet_DateTimeFieldType_int1
org.joda.time.TestYearMonth_Constructors;testConstructor_nullDateTimeZone;testConstructor_DateTimeZone
org.joda.time.TestMutableDateTime_Adds;testAddHours_int_dstOverlapWinter_addZero;testAddSeconds_int1;testAddMinutes_int_dstOverlapSummer_addZero;testAdd_DurationFieldType_int1;testAddSeconds_int_dstOverlapSummer_addZero;testAddMonths_int_dstOverlapWinter_addZero;testAddMonths_int1;testAdd_RP1;testAddDays_int_dstOverlapSummer_addZero;testAddSeconds_int_dstOverlapWinter_addZero;testAdd_DurationFieldType_int_dstOverlapSummer_addZero;testAddDays_int_dstOverlapWinter_addZero;testAddHours_int_dstOverlapSummer_addZero;testAddMillis_int_dstOverlapSummer_addZero;testAddMinutes_int1;testAddMonths_int_dstOverlapSummer_addZero;testAddDays_int1;testAddMillis_int1;testAddWeeks_int_dstOverlapWinter_addZero;testAddHours_int1;testAddYears_int1;testAddYears_int_dstOverlapSummer_addZero;testAddMinutes_int_dstOverlapWinter_addZero;testAddYears_int_dstOverlapWinter_addZero;testAddWeeks_int_dstOverlapSummer_addZero;testAddWeeks_int1;testAddMillis_int_dstOverlapWinter_addZero;testAddWeekyears_int1;testAdd_DurationFieldType_int_dstOverlapWinter_addZero
org.joda.time.TestDuration_Constructors;testConstructor_RI_RI2;testConstructor_RI_RI3;testConstructor_RI_RI1;testConstructor_Object5;testConstructor_Object4;testConstructor_long_long1
org.joda.time.TestInstant_Basics;testGet_DateTimeField
org.joda.time.TestMinMaxLong;testDateTime_max_fields
org.joda.time.chrono.gj.MainTest;testChronology
org.joda.time.TestDays;testFactory_daysIn_RInterval;testFactory_daysBetween_RInstant
org.joda.time.format.TestTextFields;testMonthNames_monthStart;testMonthNames_monthEnd;testMonthNames_monthMiddle;testHalfdayNames;testWeekdayNames
org.joda.time.TestYears;testFactory_yearsIn_RInterval;testFactory_yearsBetween_RInstant