org.apache.commons.io.input.TailerTest;testTailerEof;testStopWithNoFileUsingExecutor;testLongFile;testMultiByteBreak;testBufferBreak;testInterrupt;testStopWithNoFile;testIO335;testTailerEndOfFileReached;testTailer
org.apache.commons.io.monitor.FileAlterationObserverTestCase;testDirectory;testObserveSingleFile;testFileUpdate;testFileDelete;testFileCreate
org.apache.commons.io.monitor.FileAlterationMonitorTestCase;testMonitor;testThreadFactory
org.apache.commons.io.FileUtilsTestCase;testCopyFile1;testCopyFile2;testReadFileToByteArray;testCopyURLToFile;testCopyDirectoryToDirectory_NonExistingDest;testContentEquals;testCopyDirectoryToNonExistingDest;testWriteLines_5argsWithAppendOptionTrue_ShouldNotDeletePreviousFileLines;testChecksumOnNullChecksum;testCopyDirectoryToGrandChild;testMoveFile_CopyDelete;testCopyToSelf;testWriteStringToFileWithEncoding_WithAppendOptionTrue_ShouldNotDeletePreviousFileLines;testWriteLines_3arg_nullSeparator;testReadFileToStringWithDefaultEncoding;testWrite_WithAppendOptionFalse_ShouldDeletePreviousFileLines;testCopyURLToFileWithTimeout;testWriteLinesEncoding_WithAppendOptionTrue_ShouldNotDeletePreviousFileLines;testWriteLines_3argsWithAppendOptionTrue_ShouldNotDeletePreviousFileLines;testWriteWithEncoding_WithAppendOptionTrue_ShouldNotDeletePreviousFileLines;testMoveFile_CopyDelete_Failed;testWriteByteArrayToFile_WithOffsetAndLength_WithAppendOptionTrue_ShouldNotDeletePreviousFileLines;testWriteByteArrayToFile_WithAppendOptionFalse_ShouldDeletePreviousFileLines;testReadFileToStringWithEncoding;testWriteStringToFile_WithAppendOptionTrue_ShouldNotDeletePreviousFileLines;testChecksumDouble;testCopyFileToOutputStream;testCopyFile2WithoutFileDatePreservation;testChecksumCRC32;testCopyDirectoryFiltered;testTouch;testFileUtils;testCopyDirectoryPreserveDates;testContentEqualsIgnoreEOL;testCopyFile1ToDir;testWriteByteArrayToFile;testWriteLinesEncoding_WithAppendOptionFalse_ShouldDeletePreviousFileLines;testWriteLines_3argsWithAppendOptionFalse_ShouldDeletePreviousFileLines;testWriteByteArrayToFile_WithOffsetAndLength_WithAppendOptionTrue_ShouldDeletePreviousFileLines;testWriteLines_4arg;testWriteCharSequence1;testWriteLines_4argsWithAppendOptionTrue_ShouldNotDeletePreviousFileLines;testChecksum;testWriteCharSequence2;testWriteByteArrayToFile_WithAppendOptionTrue_ShouldNotDeletePreviousFileLines;testCopyDirectoryToExistingDest;testCopyFile2ToDir;testIsFileNewerOlder;testCopyDirectoryToChild;testWrite_WithAppendOptionTrue_ShouldNotDeletePreviousFileLines;testWriteByteArrayToFile_WithOffsetAndLength;testWriteStringToFileWithEncoding_WithAppendOptionFalse_ShouldDeletePreviousFileLines;testIncorrectOutputSize;testReadLines;testWriteLines_4arg_Writer_nullData;testWriteWithEncoding_WithAppendOptionFalse_ShouldDeletePreviousFileLines;testWriteLines_5argsWithAppendOptionFalse_ShouldDeletePreviousFileLines;testWriteLines_4arg_nullSeparator;testWriteStringToFile_WithAppendOptionFalse_ShouldDeletePreviousFileLines;testMoveDirectory_CopyDelete;testWriteStringToFile2;testWriteLines_4argsWithAppendOptionFalse_ShouldDeletePreviousFileLines;testWriteStringToFile1;testWriteStringToFile3
org.apache.commons.io.LineIteratorTestCase;testNextLineOnlyDefaultEncoding;testCloseEarly;testValidEncoding;testThreeLines;testNextOnly;testTwoLines;testZeroLines;testFilteringBufferedReader;testFilteringFileReader;testNextLineOnlyUtf8Encoding;testInvalidEncoding;testMissingFile;testOneLines;testNextLineOnlyNullEncoding
org.apache.commons.io.FileUtilsCleanDirectoryTestCase;testDeletesRegular;testThrowsOnCannotDeleteFile;testDeletesNested
org.apache.commons.io.filefilter.FileFilterTestCase;testMagicNumberFileFilterStringOffset;testMagicNumberFileFilterBytesOffset;testMagicNumberFileFilterBytes;testMagicNumberFileFilterString
org.apache.commons.io.FileUtilsCleanSymlinksTestCase;testCleanDirWithASymlinkDir;testCleanDirWithSymlinkFile;testIdentifiesSymlinkFile;testStillClearsIfGivenDirectoryIsASymlink;testCleanDirWithParentSymlinks
org.apache.commons.io.IOUtilsTestCase;testCloseQuietly_SelectorNull;testCloseQuietly_Selector;testCloseQuietly_SelectorIOException;testCloseQuietly_SelectorTwice
org.apache.commons.io.output.DeferredFileOutputStreamTest;testWriteToLarge;testWriteToSmall
org.apache.commons.io.output.FileWriterWithEncodingTest;sameEncoding_string_CharsetEncoder_constructor;sameEncoding_string_constructor;sameEncoding_Charset_constructor;sameEncoding_string_Charset_constructor;constructor_File_encoding_badEncoding;testDifferentEncoding;sameEncoding_CharsetEncoder_constructor;constructor_File_directory;sameEncoding_string_string_constructor
org.apache.commons.io.output.LockableFileWriterTest;testAlternateLockDir;testFileNotLocked;testFileLocked